Workbook

Sheet 260 East Taylors Crossing
A1: Line Item | B1: Debits | C1: Credits
A3: Gas | B3: 107.61
A4: Electricity | B4: 42.96
A5: Water
A6: internet | B6: 59.99
A7: Lawn Care
A8: rental income | C8: 2500
A9: Repairs and Design | B9: 160
A10: Home Goods | B10: 396
A11: Cleaning and Supplies
B14: Total | C14: Total | D14: Net
B15: =sum(B2:B13) -> 766.56 | C15: =sum(C3:C13) -> 2500 | D15: =C15-B15 -> 1733.44

Sheet 5525 Taylor Road
A1: Line Item | B1: Debits | C1: Credits
A3: Gas | B3: 59.87
A4: Electricity | B4: 113.09
A5: Water
A6: internet/cable | B6: 166.48
A7: Lawn Care | B7: 39
A8: rent | C8: 900
A9: Repairs and Design | B9: 464
A10: Home Goods | B10: 95
A11: Cleaning and Supplies | B11: 32
A12: pest control | B12: 139
A13: deck repair | B13: 200
B14: Total | C14: Total | D14: Net
B15: =sum(B2:B13) -> 1308.44 | C15: =sum(C3:C13) -> 900 | D15: =C15-B15 -> -408.44

Sheet 4645 valais ct
A1: Line Item | B1: Debits | C1: Credits
A2: mortgage | B2: 819
A3: Gas | B3: 137.66
A4: Electricity | B4: 34.44
A6: internet/cable | B6: 59.99
A7: Lawn Care
A8: rental income | C8: 760
A9: Repairs and Design
A10: Home Goods | B10: 430
A11: Cleaning and Supplies
A12: pest control
A13: hoa | B13: 125
B14: Total | C14: Total | D14: Net
B15: =sum(B2:B13) -> 1606.09 | C15: =sum(C3:C13) -> 760 | D15: =C15-B15 -> -846.09

Sheet Totals
A1: Line Item | B1: Debits | C1: Credits
A3: Gas | B3: =sum('5525 Taylor Road'!B3+'260 East Taylors Crossing'!B3) -> 167.48 | C3: =sum('5525 Taylor Road'!C3+'260 East Taylors Crossing'!C3) -> 0
A4: Electricity | B4: =sum('5525 Taylor Road'!B4+'260 East Taylors Crossing'!B4) -> 156.05 | C4: =sum('5525 Taylor Road'!C4+'260 East Taylors Crossing'!C4) -> 0
A5: Water | B5: =sum('5525 Taylor Road'!B5+'260 East Taylors Crossing'!B5) -> 0 | C5: =sum('5525 Taylor Road'!C5+'260 East Taylors Crossing'!C5) -> 0
A6: Internet | B6: =sum('5525 Taylor Road'!B6+'260 East Taylors Crossing'!B6) -> 226.47 | C6: =sum('5525 Taylor Road'!C6+'260 East Taylors Crossing'!C6) -> 0
A7: Lawn Care | B7: =sum('5525 Taylor Road'!B7+'260 East Taylors Crossing'!B7) -> 39 | C7: =sum('5525 Taylor Road'!C7+'260 East Taylors Crossing'!C7) -> 0
A9: Repairs and Design | B9: =sum('5525 Taylor Road'!B9+'260 East Taylors Crossing'!B9) -> 624 | C9: =sum('5525 Taylor Road'!C9+'260 East Taylors Crossing'!C9) -> 0
A10: Home Goods | B10: =sum('5525 Taylor Road'!B10+'260 East Taylors Crossing'!B10) -> 491 | C10: =sum('5525 Taylor Road'!C10+'260 East Taylors Crossing'!C10) -> 0
A11: Cleaning and Supplies | B11: =sum('5525 Taylor Road'!B11+'260 East Taylors Crossing'!B11) -> 32 | C11: =sum('5525 Taylor Road'!C11+'260 East Taylors Crossing'!C11) -> 0
B14: Total | C14: Total | D14: Net
B15: =sum('4645 valais ct'!B15+'5525 Taylor Road'!B15+'260 East Taylors Crossing'!B15) -> 3681.09 | C15: =sum('4645 valais ct'!C15+'5525 Taylor Road'!C15+'260 East Taylors Crossing'!C15) -> 4160 | D15: =C15-B15 -> 478.91
