Workbook

Sheet 4645 valais ct 
B1: Debits | C1: Credits
A3: Gas
A4: Electricity
A5: Water
A6: Internet
A7: Lawn Care
A8: HOA | B8: 125
A9: Repairs and Design
A10: Home Goods
A11: Cleaning and Supplies
A12: mortgage | B12: 841
A13: rental income | C13: =679+200+240 -> 1119
B14: Total | C14: Total | D14: Net
B15: =sum(B2:B13) -> 966 | C15: =sum(C3:C13) -> 1119 | D15: =C15-B15 -> 153

Sheet 260 East Taylors Crossing
A1: Line Item | B1: Debits | C1: Credits
A3: Gas | B3: 48.48
A4: Electricity | B4: 42.96
A5: Water | B5: 85.29
A6: Internet | B6: 59.99
A7: Lawn Care
A8: airbnb cut
A9: Repairs and Design | B9: =300+700+620 -> 1620
A10: Home Goods
A11: Cleaning and Supplies
A13: rent | C13: 2825
B14: Total | C14: Total | D14: Net
B15: =sum(B2:B13) -> 1856.72 | C15: =sum(C2:C13) -> 2825 | D15: =C15-B15 -> 968.28

Sheet 5525 Taylor Road
A1: Line Item | B1: Debits | C1: Credits
A3: Gas
A4: Electricity
A5: Water
A6: Internet
A7: Lawn Care
A8: waste mgmt
A9: Repairs and Design
A10: Home Goods
A11: Cleaning and Supplies
A13: rent | C13: 900
B14: Total | C14: Total | D14: Net
B15: =sum(B2:B13) -> 0 | C15: =sum(C3:C13) -> 900 | D15: =C15-B15 -> 900

Sheet Totals
A1: Line Item | B1: Debits | C1: Credits
A3: Gas | B3: =sum('5525 Taylor Road'!B3+'260 East Taylors Crossing'!B3) -> 48.48 | C3: =sum('5525 Taylor Road'!C3+'260 East Taylors Crossing'!C3) -> 0
A4: Electricity | B4: =sum('5525 Taylor Road'!B4+'260 East Taylors Crossing'!B4) -> 42.96 | C4: =sum('5525 Taylor Road'!C4+'260 East Taylors Crossing'!C4) -> 0
A5: Water | B5: =sum('5525 Taylor Road'!B5+'260 East Taylors Crossing'!B5) -> 85.29 | C5: =sum('5525 Taylor Road'!C5+'260 East Taylors Crossing'!C5) -> 0
A6: Internet | B6: =sum('5525 Taylor Road'!B6+'260 East Taylors Crossing'!B6) -> 59.99 | C6: =sum('5525 Taylor Road'!C6+'260 East Taylors Crossing'!C6) -> 0
A7: Lawn Care | B7: =sum('5525 Taylor Road'!B7+'260 East Taylors Crossing'!B7) -> 0 | C7: =sum('5525 Taylor Road'!C7+'260 East Taylors Crossing'!C7) -> 0
A9: Repairs and Design | B9: =sum('5525 Taylor Road'!B9+'260 East Taylors Crossing'!B9) -> 1620 | C9: =sum('5525 Taylor Road'!C9+'260 East Taylors Crossing'!C9) -> 0
A10: Home Goods | B10: =sum('5525 Taylor Road'!B10+'260 East Taylors Crossing'!B10) -> 0 | C10: =sum('5525 Taylor Road'!C10+'260 East Taylors Crossing'!C10) -> 0
A11: Cleaning and Supplies | B11: =sum('5525 Taylor Road'!B11+'260 East Taylors Crossing'!B11) -> 0 | C11: =sum('5525 Taylor Road'!C11+'260 East Taylors Crossing'!C11) -> 0
A13: rental income
B14: Total | C14: Total | D14: Net
B15: =sum('260 East Taylors Crossing'!B15+'5525 Taylor Road'!B15+'4645 valais ct '!B15) -> 2822.72 | C15: =sum('260 East Taylors Crossing'!C15+'5525 Taylor Road'!C15+'4645 valais ct '!C15) -> 4844 | D15: =C15-B15 -> 2021.28
