Workbook

Sheet 260
B1: Debits | C1: Credits | D1: Net
A2: Jan | B2: 841.34 | C2: 1751 | D2: 909.66
A3: Feb | B3: 204.86 | C3: 1750 | D3: 1545.14
A4: March | B4: 3678.75 | C4: 3482 | D4: -196.75
A5: April | B5: 3678.75 | C5: 3482 | D5: -196.75
A6: May | B6: 3530.38 | C6: 3482 | D6: -48.38
A7: June | B7: 1290.47 | C7: 3300 | D7: 2009.53
A8: July | B8: 2252.53 | C8: 3950 | D8: 1697.47
A9: Aug | B9: 411.23 | C9: 3300 | D9: 2888.77
A10: Sept | B10: 481.85 | C10: 4050 | D10: 3568.15
A11: Oct | B11: 370.07 | C11: 4050 | D11: 3679.93
A12: Nov | B12: 288.67 | C12: 3775 | D12: 3486.33
A13: Dec | B13: 288.67 | C13: 3775 | D13: 3486.33
A15: Total | B15: =sum(B2:B13) -> 17317.57 | C15: =sum(C2:C13) -> 40147 | D15: =sum(D2:D13) -> 22829.43

Sheet 5525 Taylor
B1: Debits | C1: Credits | D1: Net
A2: Jan | B2: 744.95 | C2: 900 | D2: 155.05
A3: Feb | B3: 503.81 | C3: 900 | D3: 396.19
A4: March | B4: 355.99 | C4: 900 | D4: 544.01
A5: April | B5: 355.99 | C5: 900 | D5: 544.01
A6: May | B6: 355.99 | C6: 1650 | D6: 1294.01
A7: June | B7: 624.58 | C7: 1650 | D7: 1025.42
A8: July | B8: 642.68 | C8: 1360 | D8: 717.32
A9: Aug | B9: 991.58 | C9: 2550 | D9: 1558.42
A10: Sept | B10: 336.03 | C10: 1450 | D10: 1113.97
A11: Oct | B11: 536.35 | C11: 1700 | D11: 1163.65
A12: Nov | B12: 320.85 | C12: 900 | D12: 579.15
A13: Dec | B13: 753.85 | C13: 1750 | D13: 996.15
A15: Total | B15: =sum(B2:B13) -> 6522.65 | C15: =sum(C2:C13) -> 16610 | D15: =sum(D2:D13) -> 10087.35

Sheet 4645 Valais
B1: Debits | C1: Credits | D1: Net
A2: Jan | B2: 1145.19 | C2: 1650 | D2: 504.81
A3: Feb | B3: 1177.31 | C3: 2300 | D3: 1122.69
A4: March | B4: 1177.31 | C4: 2300 | D4: 1122.69
A5: April | B5: 1177.31 | C5: 2300 | D5: 1122.69
A6: May | B6: 1177.31 | C6: 2300 | D6: 1122.69
A7: June | B7: 1212.55 | C7: 2350 | D7: 1137.45
A8: July | B8: 1331.12 | C8: 2300 | D8: 968.88
A9: Aug | B9: 1403.32 | C9: 2350 | D9: 946.68
A10: Sept | B10: 1341.79 | C10: 2350 | D10: 1008.21
A11: Oct | B11: 1082.39 | C11: 2350 | D11: 1267.61
A12: Nov | B12: 1314.39 | C12: 2300 | D12: 985.61
A13: Dec | B13: 1166.93 | C13: 2402.78 | D13: 1235.85
A15: Total | B15: =sum(B2:B13) -> 14706.92 | C15: =sum(C2:C13) -> 27252.78 | D15: =sum(D2:D13) -> 12545.86

Sheet 1120 Lauren
B1: Debits | C1: Credits | D1: Net
A2: Jan | B2: 1706.05 | C2: 1237 | D2: -469.05
A3: Feb | B3: 1203.83 | C3: 1554.76 | D3: 350.93
A4: March | B4: 1203.83 | C4: 1554.76 | D4: 350.93
A5: April | B5: 1203.83 | C5: 1554.76 | D5: 350.93
A6: May | B6: 1203.83 | C6: 1554.76 | D6: 350.93
A7: June | B7: 1854.58 | C7: 3533.63 | D7: 1679.05
A8: July | B8: 2845 | C8: 7046.99 | D8: 4202
A9: Aug | B9: 1257.43 | C9: 1373 | D9: 115.57
A10: Sept | B10: 1532.48 | C10: 1077.6 | D10: -454.88
A11: Oct | B11: 1335.24 | C11: 2350 | D11: 1014.76
A12: Nov | B12: 812.84 | C12: 1554.76 | D12: 741.92
A13: Dec | B13: 302.08 | C13: 2550 | D13: 2247.92
A15: Total | B15: =sum(B2:B13) -> 16461.02 | C15: =sum(C2:C13) -> 26942.02 | D15: =sum(D2:D13) -> 10481.01

Sheet 115 Memorial
B1: Debits | C1: Credits | D1: Net
A2: Jan | B2: 571.32 | C2: 1499.73 | D2: 928.41
A3: Feb | B3: 571.32 | C3: 1499.73 | D3: 928.41
A4: March | B4: 436.25 | C4: 2200 | D4: 1763.75
A5: April | B5: 436.25 | C5: 2200 | D5: 1763.75
A6: May | B6: 1010.25 | C6: 2200 | D6: =C6-B6 -> 1189.75
A7: June | B7: 443.66 | C7: 900 | D7: 456.34
A8: July | B8: 581 | C8: 900 | D8: 319
A9: Aug | B9: 440.92 | C9: 1850 | D9: 1409.08
A10: Sept | B10: 390 | C10: 1466.66 | D10: 1076.66
A11: Oct | B11: 429.18 | C11: 1900 | D11: 1470.82
A12: Nov | B12: 356.32 | C12: 4050 | D12: 3693.68
A13: Dec | B13: 491.09 | C13: 1900 | D13: 1408.91
A15: Total | B15: =sum(B2:B13) -> 6157.56 | C15: =sum(C2:C13) -> 22566.12 | D15: =sum(D2:D13) -> 16408.56

Sheet Total
B1: Debits | C1: Credits | D1: Net
A2: Jan | B2: =sum('260'!B2+'5525 Taylor'!B2+'4645 Valais'!B2+'1120 Lauren'!B2+'115 Memorial'!B2) -> 5008.85 | C2: =sum('260'!C2+'5525 Taylor'!C2+'4645 Valais'!C2+'1120 Lauren'!C2+'115 Memorial'!C2) -> 7037.73 | D2: =sum('260'!D2+'5525 Taylor'!D2+'4645 Valais'!D2+'1120 Lauren'!D2+'115 Memorial'!D2) -> 2028.88
A3: Feb | B3: =sum('260'!B3+'5525 Taylor'!B3+'4645 Valais'!B3+'1120 Lauren'!B3+'115 Memorial'!B3) -> 3661.13 | C3: =sum('260'!C3+'5525 Taylor'!C3+'4645 Valais'!C3+'1120 Lauren'!C3+'115 Memorial'!C3) -> 8004.49 | D3: =sum('260'!D3+'5525 Taylor'!D3+'4645 Valais'!D3+'1120 Lauren'!D3+'115 Memorial'!D3) -> 4343.36
A4: March | B4: =sum('260'!B4+'5525 Taylor'!B4+'4645 Valais'!B4+'1120 Lauren'!B4+'115 Memorial'!B4) -> 6852.13 | C4: =sum('260'!C4+'5525 Taylor'!C4+'4645 Valais'!C4+'1120 Lauren'!C4+'115 Memorial'!C4) -> 10436.76 | D4: =sum('260'!D4+'5525 Taylor'!D4+'4645 Valais'!D4+'1120 Lauren'!D4+'115 Memorial'!D4) -> 3584.63
A5: April | B5: =sum('260'!B5+'5525 Taylor'!B5+'4645 Valais'!B5+'1120 Lauren'!B5+'115 Memorial'!B5) -> 6852.13 | C5: =sum('260'!C5+'5525 Taylor'!C5+'4645 Valais'!C5+'1120 Lauren'!C5+'115 Memorial'!C5) -> 10436.76 | D5: =sum('260'!D5+'5525 Taylor'!D5+'4645 Valais'!D5+'1120 Lauren'!D5+'115 Memorial'!D5) -> 3584.63
A6: May | B6: =sum('260'!B6+'5525 Taylor'!B6+'4645 Valais'!B6+'1120 Lauren'!B6+'115 Memorial'!B6) -> 7277.76 | C6: =sum('260'!C6+'5525 Taylor'!C6+'4645 Valais'!C6+'1120 Lauren'!C6+'115 Memorial'!C6) -> 11186.76 | D6: =sum('260'!D6+'5525 Taylor'!D6+'4645 Valais'!D6+'1120 Lauren'!D6+'115 Memorial'!D6) -> 3909
A7: June | B7: =sum('260'!B7+'5525 Taylor'!B7+'4645 Valais'!B7+'1120 Lauren'!B7+'115 Memorial'!B7) -> 5425.84 | C7: =sum('260'!C7+'5525 Taylor'!C7+'4645 Valais'!C7+'1120 Lauren'!C7+'115 Memorial'!C7) -> 11733.63 | D7: =sum('260'!D7+'5525 Taylor'!D7+'4645 Valais'!D7+'1120 Lauren'!D7+'115 Memorial'!D7) -> 6307.79
A8: July | B8: =sum('260'!B8+'5525 Taylor'!B8+'4645 Valais'!B8+'1120 Lauren'!B8+'115 Memorial'!B8) -> 7652.33 | C8: =sum('260'!C8+'5525 Taylor'!C8+'4645 Valais'!C8+'1120 Lauren'!C8+'115 Memorial'!C8) -> 15556.99 | D8: =sum('260'!D8+'5525 Taylor'!D8+'4645 Valais'!D8+'1120 Lauren'!D8+'115 Memorial'!D8) -> 7904.67
A9: Aug | B9: =sum('260'!B9+'5525 Taylor'!B9+'4645 Valais'!B9+'1120 Lauren'!B9+'115 Memorial'!B9) -> 4504.48 | C9: =sum('260'!C9+'5525 Taylor'!C9+'4645 Valais'!C9+'1120 Lauren'!C9+'115 Memorial'!C9) -> 11423 | D9: =sum('260'!D9+'5525 Taylor'!D9+'4645 Valais'!D9+'1120 Lauren'!D9+'115 Memorial'!D9) -> 6918.52
A10: Sept | B10: =sum('260'!B10+'5525 Taylor'!B10+'4645 Valais'!B10+'1120 Lauren'!B10+'115 Memorial'!B10) -> 4082.15 | C10: =sum('260'!C10+'5525 Taylor'!C10+'4645 Valais'!C10+'1120 Lauren'!C10+'115 Memorial'!C10) -> 10394.26 | D10: =sum('260'!D10+'5525 Taylor'!D10+'4645 Valais'!D10+'1120 Lauren'!D10+'115 Memorial'!D10) -> 6312.11 | Q10: =SUM(16,500/12) -> 57.666667
A11: Oct | B11: =sum('260'!B11+'5525 Taylor'!B11+'4645 Valais'!B11+'1120 Lauren'!B11+'115 Memorial'!B11) -> 3753.23 | C11: =sum('260'!C11+'5525 Taylor'!C11+'4645 Valais'!C11+'1120 Lauren'!C11+'115 Memorial'!C11) -> 12350 | D11: =sum('260'!D11+'5525 Taylor'!D11+'4645 Valais'!D11+'1120 Lauren'!D11+'115 Memorial'!D11) -> 8596.77
A12: Nov | B12: =sum('260'!B12+'5525 Taylor'!B12+'4645 Valais'!B12+'1120 Lauren'!B12+'115 Memorial'!B12) -> 3093.07 | C12: =sum('260'!C12+'5525 Taylor'!C12+'4645 Valais'!C12+'1120 Lauren'!C12+'115 Memorial'!C12) -> 12579.76 | D12: =sum('260'!D12+'5525 Taylor'!D12+'4645 Valais'!D12+'1120 Lauren'!D12+'115 Memorial'!D12) -> 9486.69
A13: Dec | B13: =sum('260'!B13+'5525 Taylor'!B13+'4645 Valais'!B13+'1120 Lauren'!B13+'115 Memorial'!B13) -> 3002.62 | C13: =sum('260'!C13+'5525 Taylor'!C13+'4645 Valais'!C13+'1120 Lauren'!C13+'115 Memorial'!C13) -> 12377.78 | D13: =sum('260'!D13+'5525 Taylor'!D13+'4645 Valais'!D13+'1120 Lauren'!D13+'115 Memorial'!D13) -> 9375.16
A15: Total | B15: =sum(B2:B13) -> 61165.72 | C15: =sum(C2:C13) -> 133517.92 | D15: =sum(D2:D13) -> 72352.21
A18: End of Year Each Property
A19: 260 | B19: ='260'!D15 -> 22829.43
A20: 115 Memorial | B20: ='115 Memorial'!D15 -> 16408.56
A21: 4645 Valais | B21: ='4645 Valais'!D15 -> 12545.86
A22: 1120 Lauren | B22: ='1120 Lauren'!D15 -> 10481.01
A23: 5525 Taylor | B23: ='5525 Taylor'!D15 -> 10087.35
A25: Grand Total | B25: =sum(B19:B23) -> 72352.21
